{
	"position": [0.000000,1.000000,0.000000,0.049068,0.998795,0.000000,0.098017,0.995185,0.000000,0.146730,0.989177,0.000000,0.195090,0.980785,0.000000,0.242980,0.970031,0.000000,0.290285,0.956940,0.000000,0.336890,0.941544,0.000000,0.382683,0.923880,0.000000,0.427555,0.903989,0.000000,0.471397,0.881921,0.000000,0.514103,0.857729,0.000000,0.555570,0.831470,0.000000,0.595699,0.803208,0.000000,0.634393,0.773010,0.000000,0.671559,0.740951,0.000000,0.707107,0.707107,0.000000,0.740951,0.671559,0.000000,0.773010,0.634393,0.000000,0.803208,0.595699,0.000000,0.831470,0.555570,0.000000,0.857729,0.514103,0.000000,0.881921,0.471397,0.000000,0.903989,0.427555,0.000000,0.923880,0.382683,0.000000,0.941544,0.336890,0.000000,0.956940,0.290285,0.000000,0.970031,0.242980,0.000000,0.980785,0.195090,0.000000,0.989177,0.146730,0.000000,0.995185,0.098017,0.000000,0.998795,0.049068,0.000000,1.000000,-0.000000,0.000000,0.998795,-0.049068,0.000000,0.995185,-0.098017,0.000000,0.989177,-0.146731,0.000000,0.980785,-0.195090,0.000000,0.970031,-0.242980],
	"normal": [0.000000,1.000000,0.000000,0.049068,0.998795,0.000000,0.098017,0.995185,0.000000,0.146730,0.989177,0.000000,0.195090,0.980785,0.000000,0.242980,0.970031,0.000000,0.290285,0.956940,0.000000,0.336890,0.941544,0.000000,0.382683,0.923880,0.000000,0.427555,0.903989,0.000000,0.471397,0.881921,0.000000,0.514103,0.857729,0.000000,0.555570,0.831470,0.000000,0.595699,0.803208,0.000000,0.634393,0.773010,0.000000,0.671559,0.740951,0.000000,0.707107,0.707107,0.000000,0.740951,0.671559,0.000000,0.773010,0.634393,0.000000,0.803208,0.595699,0.000000,0.831470,0.555570,0.000000,0.857729,0.514103,0.000000,0.881921,0.471397,0.000000,0.903989,0.427555,0.000000,0.923880,0.382683,0.000000,0.941544,0.336890,0.000000,0.956940,0.290285,0.000000,0.970031,0.242980,0.000000,0.980785,0.195090,0.000000,0.989177,0.146730,0.000000,0.995185,0.098017,0.000000,0.998795,0.049068,0.000000,1.000000,-0.000000,0.000000,0.998795,-0.049068,0.000000,0.995185,-0.098017,0.000000,0.989177,-0.146731,0.000000,0.980785,-0.195090,0.000000,0.970031,-0.242980 ],
	"uv": [0.000000,0.000000,0.000000,0.015625,0.000000,0.031250,0.000000,0.046875,0.000000,0.062500,0.000000,0.078125,0.000000,0.093750,0.000000,0.109375,0.000000,0.125000,0.000000,0.140625,0.000000,0.156250,0.000000,0.171875,0.000000,0.187500,0.000000,0.203125,0.000000,0.218750,0.000000,0.234375,0.000000,0.250000,0.000000,0.265625,0.000000,0.281250,0.000000,0.296875,0.000000,0.312500,0.000000,0.328125,0.000000,0.343750,0.000000,0.359375,0.000000,0.375000,0.000000,0.390625,0.000000,0.406250,0.000000,0.421875,0.000000,0.437500,0.000000,0.453125,0.000000,0.468750,0.000000,0.484375,0.000000,0.500000,0.000000,0.515625,0.000000,0.531250,0.000000,0.546875,0.000000,0.562500,0.000000,0.578125,0.000000,0.593750,0.000000,0.609375,0.000000,0.625000,0.000000,0.640625,0.000000,0.656250,0.000000,0.671875,0.000000,0.687500,0.000000,0.703125,0.000000,0.718750,0.000000,0.734375,0.000000,0.750000,0.000000,0.765625,0.000000,0.781250,0.000000,0.796875,0.000000,0.812500,0.000000,0.828125,0.000000,0.843750,0.000000,0.859375,0.000000,0.8750]
}